<?xml version="1.0" encoding="utf-8" ?>
<widget xmlns="http://openajax.org/metadata" spec="1.0" name="left_arrow" version="1">

<description type="text/html"><![CDATA[Widget Exported from Flash Professional]]></description>

<category name="Flash Animation"/>
<remarks>Compatible with: InDesign CC, Dreamweaver CC, Muse</remarks>
<icon src="PosterImg_183.png" width="50" height="50"/>
<require type="other" src="left_arrow.html"/>
<require type="javascript" src="left_arrow.js"/>
<content></content>

<properties name="Properties">
<property name="default-width" defaultValue="50" hidden="true"/>
<property name="default-height" defaultValue="50" hidden="true"/>
<property name="resizable" defaultValue="false" hidden="true"/>
<property name="centering" defaultValue="" hidden="true"/>
<property name="scaling" defaultValue="" hidden="true"/>
<property name="html-page" defaultValue="left_arrow.html" hidden="true"/>
<property name="target-platform" defaultValue="htmlcanvas" hidden="true"/>
<property name="created-in" defaultValue="Adobe Animate CC" hidden="true"/>
</properties>

</widget>
